Act-031,6/1/2017,07/15/2017
Act-057,6/1/2017,07/15/2017
Act-058,6/1/2017,07/15/2017
Act-083,6/1/2017,07/15/2017
Act-088,6/1/2017,07/15/2017
Act-109,6/1/2017,07/15/2017
Act-111,6/1/2017,07/15/2017
Act-122,6/1/2017,07/15/2017
Act-139,6/1/2017,07/15/2017
Act-142,6/1/2017,07/15/2017
Act-163,6/1/2017,07/15/2017
Act-168,6/1/2017,07/15/2017
Act-177,6/1/2017,07/15/2017
Act-184,6/1/2017,07/15/2017
Act-096,7/17/2017,07/31/2017
Act-103,7/17/2017,07/31/2017
Act-129,7/17/2017,07/31/2017
Act-141,7/17/2017,07/31/2017
Act-165,7/17/2017,07/31/2017
Act-040,01/08/2017,09/16/2017
Act-061,01/08/2017,09/16/2017
Act-063,01/08/2017,09/16/2017
Act-064,01/08/2017,09/16/2017
Act-066,01/08/2017,09/16/2017
Act-067,01/08/2017,09/16/2017
Act-068,01/08/2017,09/16/2017
Act-108,01/08/2017,09/16/2017
Act-123,01/08/2017,09/16/2017
Act-207,01/08/2017,09/16/2017
Act-210,01/08/2017,09/16/2017
Act-028,9/18/2017,10/31/2017
Act-084,9/18/2017,10/31/2017
Act-089,9/18/2017,10/31/2017
Act-104,9/18/2017,10/31/2017
Act-154,9/18/2017,10/31/2017
Act-198,9/18/2017,10/31/2017
Act-199,9/18/2017,10/31/2017
Act-137,1/11/2017,11/30/2017
