ACTIVIDAD,FECHAINICIO,FECHAFINAL
Act-093,6/1/2019,8/30/2021
Act-094,6/1/2019,8/30/2021
Act-098,6/15/2019,8/30/2021
Act-107,7/1/2019,8/30/2021
Act-109,7/1/2019,8/30/2021
Act-125,8/1/2019,8/30/2021
Act-149,8/15/2019,8/30/2021
Act-156,8/15/2019,8/30/2021
Act-160,9/1/2019,8/30/2021
Act-163,9/1/2019,8/30/2021
Act-168,9/15/2019,8/30/2021
Act-170,9/15/2019,8/30/2021
Act-174,10/1/2019,8/30/2021
Act-175,10/1/2019,8/30/2021
Act-182,10/15/2019,8/30/2021
Act-183,10/15/2019,8/30/2021
Act-184,11/1/2019,8/30/2021
Act-187,11/1/2019,8/30/2021
Act-191,11/15/2019,8/30/2021
Act-192,11/15/2019,8/30/2021
Act-204,12/1/2019,8/30/2021
Act-006,12/1/2019,11/30/2021
Act-013,12/15/2019,11/30/2021
Act-019,12/15/2019,11/30/2021
Act-022,1/1/2020,11/30/2021
Act-024,1/1/2020,11/30/2021
Act-025,1/15/2020,11/30/2021
Act-027,1/15/2020,11/30/2021
Act-030,2/1/2020,11/30/2021
Act-033,11/19/2018,11/30/2021
Act-042,2/15/2020,11/30/2021
Act-059,2/15/2020,11/30/2021
Act-087,3/1/2020,11/30/2021
Act-096,3/1/2020,11/30/2021
Act-112,3/15/2020,11/30/2021
Act-126,3/15/2020,11/30/2021
Act-138,1/21/2019,11/30/2021
Act-141,11/19/2018,11/30/2021
Act-165,4/15/2020,11/30/2021
Act-166,4/15/2020,11/30/2021
Act-190,5/1/2020,11/30/2021
Act-206,5/1/2020,11/30/2021
Act-002,5/15/2020,2/28/2022
Act-037,5/15/2020,2/28/2022
Act-048,6/1/2020,2/28/2022
Act-051,6/1/2020,2/28/2022
Act-052,2/4/2019,2/28/2022
Act-054,6/15/2020,2/28/2022
Act-070,7/1/2020,2/28/2022
Act-074,7/1/2020,2/28/2022
Act-077,7/15/2020,2/28/2022
Act-086,7/15/2020,2/28/2022
Act-108,8/1/2020,2/28/2022
Act-115,8/1/2020,2/28/2022
Act-117,8/15/2020,2/28/2022
Act-130,8/15/2020,2/28/2022
Act-140,9/1/2020,2/28/2022
Act-162,9/1/2020,2/28/2022
Act-186,9/15/2020,2/28/2022
Act-189,9/15/2020,2/28/2022
Act-193,10/1/2020,2/28/2022
Act-039,6/24/2019,5/30/2021
Act-082,10/15/2020,5/30/2021
Act-089,10/15/2020,5/30/2021
Act-102,11/1/2020,5/30/2021
Act-104,11/1/2020,5/30/2021
Act-147,11/15/2020,5/30/2021
Act-154,3/25/2019,5/30/2021
Act-172,12/1/2020,5/30/2021
Act-195,12/1/2020,5/30/2021
Act-197,12/1/2020,5/30/2021
Act-198,6/3/2019,5/30/2021
Act-199,3/25/2019,5/30/2021
Act-201,12/15/2020,5/30/2021
Act-208,12/15/2020,5/30/2021
